text,label
"Enzyme catalysis is the process where enzymes dramatically accelerate biochemical reactions by lowering activation energy. It fundamentally relies on substrate binding – the enzyme’s active site specifically recognizing and holding the substrate molecules. This binding induces a conformational change, facilitating a series of chemical reactions, ultimately converting the substrate into a product. Key concepts include the enzyme’s active site’s shape, which precisely binds the substrate, and the enzyme’s catalytic mechanism – often involving covalent bonds – which dramatically speeds up the reaction without being consumed. This process is crucial for life as it allows for highly efficient biochemical pathways.",google
"Rivastigmine is a cholinesterase inhibitor used to manage symptoms of Alzheimer's disease and related cognitive impairment. It works by increasing levels of acetylcholine, a neurotransmitter crucial for memory and learning. Alzheimer’s disease often involves a decline in acetylcholine, leading to memory loss and confusion. Rivastigmine helps replenish this neurotransmitter, potentially slowing cognitive decline and improving mood. While it doesn’t cure the disease, it can be beneficial for managing symptoms like memory lapses and agitation. It’s important to note that rivastigmine is typically prescribed alongside other medications to manage the disease.",google
"Charles Darwin’s theory of natural selection proposes that species evolve over time through a process of differential survival and reproduction. He observed that individuals within a population exhibit variations in traits – characteristics like size, color, or behavior – which provide an advantage in a particular environment. Those individuals with beneficial traits are more likely to survive, reproduce, and pass on those traits to their offspring. Over generations, this leads to a gradual shift in the population’s characteristics, resulting in new species adapting to their surroundings. Essentially, ""survival of the fittest"" isn’t about the strongest individual, but the best adapted to the current conditions.",google
"The RNA world hypothesis proposes that RNA, rather than DNA, was the primary genetic material and catalyst for life. Early on, RNA molecules, possessing self-replication capabilities, likely emerged. Key concepts include RNA’s ability to act as both genetic information and catalyst, facilitating protein synthesis. Evidence suggests these early RNA molecules could have evolved through spontaneous chemical reactions, eventually leading to self-replicating systems – the precursors to modern cells. This hypothesis revolutionized our understanding of the origins of life, highlighting the potential for complex chemistry in simpler forms than previously imagined.",google
"Subduction zones are where one tectonic plate slides beneath another. This occurs at convergent plate boundaries, where the plates collide. As one plate descends into the mantle, it melts due to increasing temperature and pressure, generating magma. This magma rises to form volcanoes and creates new oceanic crust. The process is crucial for the formation of ocean trenches and volcanic mountain ranges. Understanding subduction zones is vital for understanding plate tectonics, Earth’s geological history, and the distribution of geological features worldwide – providing insights into the planet’s dynamic interior.",google
"Michaelis-Menten kinetics describes the relationship between enzyme concentration and reaction rate, primarily focusing on enzyme-substrate interactions. It’s characterized by a hyperbolic curve where the rate of reaction increases with substrate concentration until a certain point, then plateaus. The Michaelis constant (Km) is a crucial parameter, representing the substrate concentration at which the reaction rate is half maximum – indicating the maximum enzyme-substrate interaction. A lower Km indicates a higher affinity for the substrate, while a higher Km signifies a slower reaction rate. This relationship is fundamental to understanding enzyme activity and drug design, allowing for optimization of enzyme-mediated processes.",google
"The genetic code, the system that governs protein synthesis, emerged from a pivotal hypothesis known as the RNA world. Approximately 3.8 billion years ago, Earth’s early atmosphere likely contained primarily gases like methane and ammonia. These conditions fostered the formation of RNA, a molecule capable of self-replication and carrying genetic information. Simultaneously, self-replicating RNA molecules likely formed protocells, providing a platform for evolutionary experimentation. Over time, this process led to the gradual evolution of the genetic code – a set of rules dictating how RNA sequences translate into amino acids, ultimately leading to the development of DNA and proteins as the primary genetic materials.",google
"Okay, here's a brief scientific overview of anthocyanins, focusing on their health benefits, within approximately 100 words: Anthocyanins are potent pigments produced by many plants, primarily in berries, grapes, and red cabbage. They're synthesized from flavonoids, and their vibrant colors are linked to antioxidant and anti-inflammatory properties. Research suggests anthocyanins protect against age-related macular degeneration, improve heart health by reducing blood pressure, and may even combat cancer. The pigments act as potent free radical scavengers, and their unique chemical structure contributes to their diverse biological effects. Further research continues to explore their wide-ranging health benefits.",google
"Diamond formation in Earth’s mantle, primarily occurring at depths exceeding 150 km, is driven by extreme pressure and temperature – around 990°C and 1300-1600°C. This pressure mimics the conditions found deep within the Earth’s core. The process, known as the slow crystallization of carbon, involves the formation of intricate, highly stable crystal structures – diamond – through a complex interplay of diffusion and gravitational settling. This unique formation mechanism is significant because it’s the only known process that produces diamonds, offering insights into the planet’s deep interior and potentially the origin of planetary reflectivity.",google
"Subduction zones are regions where one tectonic plate descends beneath another, forming deep ocean trenches and volcanic arcs. This occurs due to the convergence of plates, typically at convergent plate boundaries. As plates move closer, the denser plate, often oceanic, subducts beneath the less dense plate, driven by convection currents within the mantle. This process generates intense heat and volcanic activity, creating volcanic arcs like the Andes Mountains and generating deep-sea trenches. Subduction zones are crucial for the creation of new oceanic crust and significantly influence the Earth’s geological history and plate movement patterns.",google
"Okay, here’s a brief scientific overview of Alzheimer’s disease treatments, focusing on current approaches and cholinesterase inhibitors: Alzheimer’s disease is a complex neurodegenerative disorder driven by amyloid plaques and tau tangles, leading to neuronal damage. Current treatments primarily focus on slowing disease progression and managing symptoms. Cholinesterase inhibitors (like donepezil and rivastigmine) work by increasing levels of acetylcholine, a neurotransmitter crucial for memory and learning, potentially boosting cognitive function. Antibiotics are being explored to clear amyloid plaques, though their effectiveness is still debated. Gene therapy holds promise for modifying the underlying genetic factors contributing to the disease, but is still in early stages. Treatment remains largely symptomatic, with ongoing research aiming for disease modification and prevention.",google
"Here’s a brief scientific overview of black hole formation: Black holes arise from the collapse of massive stars – significantly larger than our Sun – at the end of their lives. As a star exhausts its fuel, its core collapses under its own gravity, triggering a supernova explosion. This implosion crushes the core, creating a singularity – a point of infinite density. The remaining mass warps spacetime, resulting in a black hole – a region of spacetime with such strong gravity that nothing, not even light, can escape. This process is crucial for understanding the evolution of galaxies and the fundamental laws of physics.",google
"H5N1 avian influenza virus is a highly pathogenic strain of influenza that primarily infects poultry and birds. Unlike typical influenza, H5N1 exhibits significant potential for zoonotic transmission – meaning it can jump to humans. It’s characterized by a rapid and severe respiratory illness, often leading to death. The virus’s recent pandemic risk is a serious concern due to its ability to mutate rapidly, potentially creating new variants with increased transmissibility and virulence. While outbreaks are relatively rare, the potential for a global pandemic necessitates ongoing monitoring and preparedness measures, including improved biosecurity and surveillance programs.",google
"Supermassive black holes (SMBHs) reside at the centers of most, if not all, galaxies, including our own Milky Way. These behemoths, typically millions or even billions of times the mass of the Sun, are formed through the collapse of massive stars at the end of their lives. Simultaneously, gravity accelerates gas and dust, creating a swirling accretion disk that relentlessly pulls in matter. This material forms a hot, turbulent core that emits enormous amounts of energy, visible as jets and radiation. Their immense gravity profoundly influences the galaxy’s structure and evolution, acting as key drivers in galactic formation and shaping the overall cosmos.",google
"Polyphenols are a diverse group of naturally occurring compounds found in plants, fruits, vegetables, and beverages, exhibiting significant antioxidant properties. These compounds are formed during plant metabolism and are characterized by their structural complexity, often involving flavonoids, tannins, and phenolic acids. They neutralize free radicals – unstable molecules that damage cells – and inhibit enzymes that contribute to oxidative stress. This antioxidant activity protects cellular components like DNA and lipids from degradation, potentially mitigating age-related diseases and promoting overall health. Research suggests various polyphenols possess diverse benefits, ranging from reducing inflammation to supporting cardiovascular health.",google
"Okay, here's a brief scientific overview of lung cancer causes and risk factors, aiming for approximately 100 words: Lung cancer arises primarily from chronic exposure to carcinogens – including tobacco smoke, asbestos, radon, and air pollution – leading to DNA damage. Genetics also play a significant role, with mutations in specific genes like EGFR and TP53 increasing susceptibility. Environmental factors are crucial, with smoking being the leading cause, but exposure to asbestos and radon significantly elevates risk. Age, smoking history, and exposure to pollutants collectively contribute to the development of this complex disease. Understanding these factors is vital for prevention and early detection.",google
"Okay, here’s a brief scientific overview of photosynthesis and the Great Oxygenation Event, approximately 100 words: Photosynthesis is the process where plants, algae, and some bacteria convert light energy into chemical energy in the form of sugars (glucose). It utilizes chlorophyll to capture sunlight, transforming carbon dioxide and water into glucose and oxygen. This process is fundamental for life on Earth, producing the oxygen we breathe and forming the base of most food chains. The Great Oxygenation Event (around 2.4 billion years ago) was a dramatic increase in atmospheric oxygen levels, largely driven by photosynthetic organisms. This shift dramatically altered Earth’s atmosphere, paving the way for the evolution of complex life and the biosphere we know today.",google
"H5N1 avian influenza virus is a highly pathogenic strain of influenza that primarily infects poultry and can occasionally infect humans. It’s characterized by a rapid transmission and potential for significant morbidity and mortality, particularly in vulnerable populations. Historically, H5N1 has demonstrated a significant risk of pandemic potential, driven by factors like increased viral shedding, mutations, and a potential for increased transmissibility. While outbreaks are relatively rare, the virus’s ability to mutate and spread globally raises ongoing concern and necessitates monitoring and preventative measures, including biosecurity protocols and surveillance programs.",google
"Lung cancer is a complex disease with multiple contributing factors. The primary cause is exposure to carcinogens – things like tobacco smoke, asbestos, radon, and air pollution – which damage lung cells. Genetic predisposition also plays a role, with certain inherited mutations increasing risk. Lifestyle factors like smoking are overwhelmingly linked, significantly increasing the likelihood of developing the disease. Exposure to occupational hazards, such as asbestos in the past, and exposure to radon are also significant risk factors. Age is a major risk factor, with the risk increasing with increasing years of exposure.",google
"Anticyclones are persistent, low-pressure systems characterized by a rapidly rotating, vertically-extended column of air. They form when warm, moist air rises rapidly, creating a zone of descending air that traps the rising air within a cyclonic circulation. This descending air cools and condenses, leading to increased cloud formation and precipitation. High-pressure systems are crucial for stable weather patterns, as they create a favorable environment for sustained atmospheric circulation and predictable conditions. Their formation is driven by the balance between rising warm air and descending cool air, resulting in a characteristic spinning pattern in the sky.",google
"Okay, here’s a brief scientific overview of Darwin and the Galápagos Islands, approximately 100 words: Charles Darwin’s voyage in 1838 sparked his groundbreaking observations on the Galápagos Islands. He meticulously documented variations in species – beaks, shell shapes, and even foot structure – across islands exhibiting distinct evolutionary pathways. Key concepts like natural selection – where individuals with advantageous traits survive and reproduce more – drove this divergence. Darwin’s research demonstrated that populations evolve over time, leading to the diversification of life, fundamentally reshaping evolutionary theory and providing strong evidence for a common ancestor for all species.",google
"Supermassive black holes (SMBHs) reside at the heart of most galaxies, including our own Milky Way. They are thought to have formed billions of years ago through the collapse of massive gas clouds. Evidence suggests they’re millions to billions of times the mass of the Sun, residing at the galactic center. Their immense gravity warps spacetime, influencing the galaxy’s evolution. The accretion of matter – swirling gas and dust – fuels the black hole’s growth. Understanding SMBHs is crucial for understanding galaxy formation and the overall fate of the universe.",google
"Charles Darwin, a British naturalist, revolutionized our understanding of life through his voyage on the HMS Beagle. His observations of the diverse fauna on the Galápagos Islands, specifically the distinct species arising from isolated populations, provided the crucial evidence for his theory of evolution by natural selection. Darwin meticulously documented variations in beak shape, fur color, and even tooth structure across islands, demonstrating how populations adapt to local environments through differential survival and reproduction. These observations, particularly the “pangenesis” – the idea that traits are inherited – fundamentally challenged prevailing belief in fixed species and paved the way for modern evolutionary biology.",google
"Okay, here's a brief scientific overview of H5N1 avian influenza and pandemic risk, aiming for approximately 100 words: H5N1 is a highly pathogenic avian influenza virus, primarily affecting poultry but capable of infecting humans. It’s characterized by rapid transmission and high mortality rates. Key Concepts: The virus’s “silent spread” is a significant concern due to its ability to mutate rapidly, leading to new strains. Pandemic Risk: Recent years have witnessed a resurgence of H5N1, with increased global surveillance and potential for pandemic emergence. Genetic sequencing and surveillance are crucial for rapid detection and mitigation of future threats. Understanding viral evolution is key to preventing future outbreaks.",google
"Covalent bonds are the fundamental type of chemical bond formed when atoms share electrons, creating a stable molecule. Unlike ionic bonds where electrons are transferred, covalent bonds involve a shared electron cloud. They’re primarily found in organic compounds and are incredibly versatile, allowing for complex structures and properties. Key concepts include electronegativity differences, bond polarity, and the varying strength of covalent bonds – impacting properties like melting point and reactivity. Understanding covalent bonding is crucial for predicting and explaining the behavior of matter at the molecular level.",google
"Okay, here's a brief scientific overview of epigenetics, focusing on heritable changes in gene expression, approximately 100 words: Epigenetics describes modifications to DNA and its associated proteins without altering the underlying genetic code itself. Key mechanisms include DNA methylation (adding a chemical tag) and histone modification (altering histone structure), which influence gene expression – how often and where a gene is turned on or off. These changes can be inherited across generations through mechanisms like transgenerational epigenetic inheritance. Crucially, epigenetic marks can impact disease susceptibility and development. Understanding epigenetics is vital for deciphering complex traits and potentially offering new therapies targeting disease through lifestyle and environmental factors impacting gene expression patterns.",google
"Covalent bonds are a fundamental type of chemical bond formed through the sharing of electrons between atoms. Unlike ionic bonds where electrons are transferred, covalent bonds involve the sharing of electrons to achieve a stable electron configuration. This sharing typically occurs between two non-metal atoms, creating a molecule with a unique arrangement of electrons. Common examples include the bonds in water (H₂O) or organic molecules like carbohydrates. The strength of a covalent bond is influenced by factors like electronegativity – the tendency of an atom to attract electrons – and the size of the atoms involved. Essentially, covalent bonds are crucial for the structure and properties of countless materials.",google
"Covalent bonds are a fundamental type of chemical bond formed through the sharing of electrons between atoms. This occurs when atoms achieve a stable electron configuration, typically by completing their valence shell. In covalent bonds, atoms share electrons, creating a shared mass that holds them together. These bonds are ubiquitous in organic chemistry and are responsible for the properties of many molecules, influencing things like melting points and reactivity. Different types of covalent bonds, like single, double, and triple bonds, result from varying the number of shared electrons and contribute significantly to the structure of matter.",google
"Quantum entanglement is a bizarre phenomenon where two or more particles become linked in such a way that they share the same fate, no matter how far apart they are. When you measure a property of one entangled particle, you instantly know the corresponding property of the other, even if they’re light-years away. This isn’t because they’re communicating faster than light – it’s a fundamental connection established during their creation. Imagine flipping two coins that are linked: if one lands heads, the other always lands tails. Entanglement highlights a deep interconnectedness in the quantum world, challenging our classical intuitions about locality and reality.",google
"Diamond formation deep within Earth’s mantle, under pressures exceeding 2,700 atmospheres, is a fascinating process driven by extreme conditions. The mantle, a largely solid layer, experiences immense heat and tectonic stress. This forces carbon atoms, present in trace amounts, to crystallize into diamond structures. It’s a slow, continuous cycle – carbon atoms migrate through the mantle, encountering high pressure and temperature, eventually forming tiny, stable diamond crystals. While rare, these diamonds are remarkably resilient, potentially forming within the Earth’s crust itself, a testament to the planet’s deep internal processes.”",google
"Giant pandas exhibit remarkable epigenetic adaptation to their bamboo-centric diet, a significant evolutionary shift driven by dietary specialization. Epigenetics refers to changes in gene expression without altering the DNA sequence itself. Pandas have developed a complex network of epigenetic modifications – including DNA methylation and histone modifications – that influence how their genes are expressed. These modifications appear to enhance the production of enzymes crucial for digesting bamboo, while simultaneously suppressing genes linked to other food sources. This adaptation has resulted in a remarkably efficient digestive system and a longer lifespan, demonstrating a sophisticated evolutionary response to a specialized food supply.",google
"Epigenetics refers to modifications to DNA and its associated proteins that influence gene expression without altering the underlying genetic code itself. These modifications, including DNA methylation and histone modification, can turn genes “on” or “off” without changing the sequence of the DNA. While genetic mutations are essential for disease, epigenetic changes can be inherited across generations through mechanisms like transgenerational epigenetic inheritance. These changes can impact traits like susceptibility to diseases or developmental outcomes, demonstrating a significant, albeit complex, link between genes and environment.",google
"Anthocyanins are a class of naturally occurring pigments found in a wide range of plants, prized for their vibrant red, purple, and blue hues. Produced primarily during the fall and winter, they’re synthesized from flavonoids. Their primary function is to protect plants from UV radiation and enhance nutrient uptake. Interestingly, anthocyanins possess significant health benefits. Research suggests they combat oxidative stress, potentially reducing the risk of chronic diseases like heart disease and cancer. They also exhibit antioxidant and anti-inflammatory properties, contributing to improved cardiovascular health and immune function.",google
"Black holes originate from the catastrophic collapse of massive stars – typically at least 20 times the mass of the Sun – at the end of their lives. As these stars exhaust their fuel, they undergo a supernova explosion. However, the core of the star doesn’t completely collapse. It implodes under its own gravity, compressing itself into an incredibly dense point known as a singularity. This singularity warps spacetime around it, creating a region of extreme gravity where nothing, not even light, can escape. The collapse continues indefinitely, forming a black hole – a region of spacetime where gravity is so strong that nothing can return.",google
"Abiogenesis, literally “origin of life,” describes the process by which life emerged from non-living matter. It’s a complex, gradual process theorized to have occurred billions of years ago, primarily on early Earth. Scientists believe it started with simple organic molecules – amino acids, nucleotides – forming spontaneously. These molecules then clustered and self-assembled, eventually evolving into primitive cells. Crucially, researchers suggest chemical reactions, driven by energy sources like lightning or UV radiation, played a key role in this initial development, leading to the formation of self-replicating systems. While the exact pathways are still being investigated, the prevailing hypothesis points towards a chemical genesis of life.",google
"The RNA world hypothesis proposes that RNA, rather than DNA, was the primary genetic material and catalyst for life on Earth. This theory suggests that early life emerged from self-replicating RNA molecules, potentially simpler versions of proteins. These RNA molecules could have transcribed genetic information and carried out metabolic functions, leading to the evolution of cellular structures. Evidence points to the possibility of RNA self-replication, driven by spontaneous chemical reactions, suggesting a crucial step in the transition from inorganic to organic life. While no direct evidence of self-replication exists, the RNA world framework provides a compelling model for understanding the origins of cellular processes.",google
"Okay, here’s a brief scientific overview of Lamarck’s theory, approximately 100 words: Jean-Baptiste Lamarck, in the early 19th century, proposed that organisms could evolve through inheritance of acquired characteristics. He believed that traits developed during an organism’s lifetime – like a giraffe stretching its neck – could be passed down to its offspring. He used the example of the giraffe’s elongated neck to illustrate this concept. While historically influential, this theory has been largely discredited due to a lack of supporting evidence for heritable changes. However, Darwin’s theory of natural selection provided a more robust mechanism for evolutionary change based on differential survival and reproduction driven by environmental pressures.",google
"Enzyme catalysis is a crucial process where enzymes dramatically speed up biochemical reactions without being consumed themselves. They achieve this by lowering the activation energy of a reaction, essentially providing a pathway for reactants to bind and transform into products. The process begins with the enzyme’s active site – a specific region shaped to bind a particular substrate. The substrate then undergoes a chemical transformation facilitated by the enzyme’s structure, creating an enzyme-substrate complex. This complex is then converted into products, releasing the enzyme back into its original form, ready to catalyze another reaction. It’s a remarkably efficient mechanism for life’s chemical processes!",google
"Okay, here’s a description of Type I and Type II errors, suitable for a general audience: In hypothesis testing, we aim to determine if there’s enough evidence to reject a null hypothesis – a statement about no effect. However, there’s a risk of making a mistake. Type I errors, also known as false positives, occur when we conclude there’s an effect when there isn’t one. We incorrectly reject the null hypothesis. Type II errors, conversely, occur when we fail to reject a null hypothesis when it’s actually true – we incorrectly accept a false null. The probability of making a Type I or II error depends on the chosen significance level (alpha). Lower alpha values reduce the risk of a Type I error, while higher alpha values increase the risk of a Type II error.",google
"Alzheimer’s disease is a progressive neurodegenerative disorder characterized by memory loss and cognitive decline. Current treatments primarily focus on managing symptoms and slowing progression. Cholinesterase inhibitors, like donepezil and rivastigmine, work by boosting levels of acetylcholine, a neurotransmitter crucial for memory, in the brain. These medications offer modest benefits for some individuals. Furthermore, research is exploring therapies targeting amyloid plaques and tau tangles, the hallmarks of the disease, and potentially slowing or reversing the effects of the disease. While no cure exists yet, ongoing clinical trials are exploring a range of approaches, including lifestyle modifications and other potential interventions.",google
"The genetic code, the system that governs protein synthesis, emerged from a fascinating evolutionary journey. Around 3.5 billion years ago, Earth’s early life likely relied on RNA – a simpler molecule than DNA – as the primary genetic material. Researchers theorize that RNA, particularly ribose, possessed catalytic properties, potentially allowing for self-replication and evolution. The RNA world hypothesis proposes that life began in a soup of RNA, where self-replicating RNA molecules could have driven chemical evolution, eventually leading to the complex genetic code we see today. This hypothesis suggests that the genetic code evolved gradually, mirroring the development of life itself.",google
"Epigenetics refers to changes in gene expression without altering the underlying DNA sequence itself. Think of it as a “switch” that controls when and how genes are turned on or off. These modifications include DNA methylation (adding a chemical tag) and histone modification (altering histone proteins that package DNA). These epigenetic changes can be passed down through generations – a phenomenon known as heritability. For example, a parent’s exposure to environmental factors during development can influence the epigenetic marks inherited by their offspring, potentially impacting their health and traits. Essentially, epigenetics allows for flexible and adaptable gene expression, offering a mechanism for learning and adaptation.",google
"Photosynthesis is the remarkable process by which plants, algae, and some bacteria convert light energy into chemical energy in the form of sugars. It utilizes chlorophyll to capture sunlight, driving a series of reactions that transform carbon dioxide and water into glucose (food) and oxygen. This process occurs within chloroplasts. The Great Oxygenation Event, occurring approximately 3.5 billion years ago, represents a pivotal shift in Earth's atmosphere. Simultaneously, photosynthetic organisms began releasing massive amounts of oxygen as a byproduct, dramatically altering the composition of the atmosphere and paving the way for the evolution of aerobic life as we know it.",google
"Steady-state conditions are a crucial characteristic of many biochemical reactions, particularly those involving enzymes. These conditions represent a dynamic equilibrium where the rate of product formation equals the rate of product degradation. Essentially, the system maintains a constant concentration of reactants and products, preventing drastic shifts in the equilibrium. This equilibrium is maintained through a combination of factors including feedback inhibition, substrate channeling, and the availability of inhibitors. Understanding steady-state is vital for predicting reaction kinetics, controlling metabolic pathways, and ensuring the overall stability and functionality of biological systems.",google
"X-ray diffraction (XRD) is a technique that analyzes the way X-rays interact with matter. When X-rays pass through a sample, they are scattered in various directions. This diffraction pattern – a series of peaks – reveals information about the arrangement of atoms within a crystal. Crystal structure analysis, derived from XRD, essentially “reads” this pattern. By comparing the observed diffraction pattern to theoretical models, scientists can determine the three-dimensional structure of a crystal, including its atomic positions, bond lengths, and symmetry. This is crucial for understanding materials’ properties, from their strength to their optical behavior.",google
"Angiosperm evolution, the origin of flowering plants, is a relatively recent story, dating back approximately 300 million years after the Cretaceous-Paleogene extinction event. Genetic evidence suggests a pivotal divergence around 160 million years ago, driven by a combination of factors including changes in atmospheric CO2 levels and the evolution of a novel pollen-pistil system. This allowed for greater dispersal and adaptation. Key characteristics like flower morphology and fruit development, facilitated by this system, were crucial for reproductive success and diversification. Angiosperms represent a significant evolutionary leap, profoundly shaping terrestrial ecosystems through their diversity and ecological role today.",google
"X-ray diffraction (XRD) is a powerful technique used to determine the atomic arrangement of materials. When X-rays bombard a sample, their interactions with the atoms produce a diffraction pattern – a series of spots that reveal the compound’s crystal structure. This pattern is unique to each crystal lattice, allowing scientists to identify elements, determine the arrangement of atoms, and calculate the crystal’s symmetry. Analysis of XRD data provides crucial insights into a material’s properties, from its strength and transparency to its potential for applications in pharmaceuticals, manufacturing, and materials science.",google
"Quantum entanglement is a bizarre phenomenon where two or more particles become linked in such a way that they share the same fate, no matter how far apart they are. When two particles are entangled, measuring a property of one – like its spin – instantly determines the corresponding property of the other, even if they’re light-years away. This correlation isn’t due to a hidden signal; it’s a fundamental aspect of quantum mechanics where the particles’ states become intertwined. Crucially, measuring one instantly influences the state of the other, a correlation that Einstein famously called “spooky action at a distance” and remains a topic of active research and potential technological applications like quantum computing and communication.",google
"Plate tectonics is the theory explaining the Earth’s dynamic surface as being composed of large, constantly moving plates – essentially jigsaw-puzzle-like pieces of the lithosphere (crust and uppermost mantle). These plates are driven by convection currents within the mantle, a hotter, denser layer beneath. These plates interact through various mechanisms, including collision, subduction (where one plate slides beneath another), and stretching. Collision often leads to mountain building and volcanic activity, while subduction generates deep ocean trenches and volcanic arcs. This continuous movement shapes the Earth's continents, creates earthquakes and volcanoes, and ultimately influences global climate patterns.",google
"Rivastigmine is a cholinesterase inhibitor used in the treatment of mild to moderate Alzheimer’s disease. It works by increasing the levels of acetylcholinesterase and butyrylcholinesterase, enzymes that break down acetylcholine, a neurotransmitter crucial for memory and cognitive function. Clinical trials have shown rivastigmine can modestly improve cognitive function, particularly in early stages of the disease, potentially by enhancing memory and attention. While not a cure, it’s believed to slow the progression of symptoms and improve quality of life for some patients, though its efficacy is still under investigation and not a primary treatment for the disease itself.",google
"Emergent properties are characteristics of a system that do not appear in its individual components but arise from their interactions. Biological systems are prime examples, like consciousness arising from the complex neural networks of the brain. These properties are a result of self-organization – systems exhibiting patterns and behaviors that are not explicitly programmed. Key concepts include feedback loops, networks, and non-linearity, allowing for unexpected and complex behavior. Understanding emergence is crucial for comprehending how organisms function and potentially, for developing new technologies like artificial intelligence.",google
"Okay, here’s a brief scientific overview of the future of the Solar System with a red giant Sun, aiming for around 20-30 words: In approximately 10 billion years, the Sun will exhaust its hydrogen fuel, expanding into a red giant. This will engulf Mercury and Venus, dramatically increasing the solar flux and potentially stripping the inner planets of their atmospheres. Earth will be scorched, but its orbit will shift outwards, potentially impacting the orbits of other planets. The core will collapse, releasing immense energy, while the outer layers will cool and dissipate, creating a planetary nebula. This dramatic transformation marks a significant shift in the solar system's evolution.",google
"Subduction zones are regions where one tectonic plate descends beneath another, forming deep ocean trenches and volcanic arcs. This occurs primarily at convergent plate boundaries, where plates collide. As the denser plate sinks, it releases water and heat, generating magma that rises to the surface, resulting in volcanic activity and earthquakes. The sinking plate also causes the crust to buckle and fold, creating mountain ranges like the Andes. These zones are crucial for the Earth’s geological cycle, shaping continents and influencing global climate patterns.",google
"Steady-state conditions describe a fundamental state in biochemical reactions where the rate of the reaction doesn't change over time. Essentially, the reaction continues to occur at a constant rate, maintaining a balanced equilibrium. This equilibrium is achieved through a delicate interplay of factors, including substrate concentrations, enzyme activity, and product concentrations. Crucially, the system doesn’t undergo a sudden shift in the reaction’s direction; it simply maintains a stable, ongoing process. Maintaining steady-state requires a delicate balance of these variables, ensuring the reaction progresses without reaching a new equilibrium point.",google
"Emergent properties are characteristics of a system that arise from the interactions of its individual components, but are not inherent in any single component alone. Think of it as the whole being greater than the sum of its parts. In complex biological systems like ecosystems or organisms, these properties emerge because of the intricate relationships between genes, proteins, and their environment – like antibiotic resistance in bacteria or the complex social behavior of a flock of birds. Emergence isn’t programmed; it’s a result of feedback loops and self-organization, demonstrating that complex behavior can arise unexpectedly from simple rules.",google
"Okay, here's a brief scientific overview of epigenetic adaptation of giant pandas to bamboo, approximately 100 words: Giant pandas exhibit remarkable epigenetic modifications – subtle changes to their gene expression – in response to their bamboo-centric diet. These modifications, driven by hormonal cues and nutrient intake, influence genes related to metabolism, muscle development, and even immune response. Epigenetics, unlike DNA sequence, changes gene expression without altering the underlying genetic code. Histone modifications and DNA methylation are key players, allowing pandas to fine-tune their physiology for optimal bamboo consumption and survival. This adaptation is crucial for their survival in a specialized bamboo-dominated ecosystem, offering resilience to dietary shifts and environmental challenges.",google
"Charles Darwin’s voyage on the HMS Beagle in the 1830s provided crucial insights into the diversity of life on Earth. He meticulously observed the Galápagos Islands, noting distinct subspecies of tortoises, iguanas, and finches with strikingly different adaptations to their island environments. Darwin hypothesized that these variations were the result of natural selection – organisms with traits better suited to their surroundings were more likely to survive and reproduce, leading to the evolution of new species over vast periods. His observations fundamentally challenged the prevailing belief in a fixed species and laid the groundwork for modern evolutionary theory, demonstrating how populations change and diversify through adaptation to specific environments – a key concept in evolutionary biology.",google
"Zebrafish larvae are a remarkably versatile model organism in biomedical research due to their streamlined biology. They share significant genetic and physiological similarities with humans, making them ideal for studying diseases like heart disease, neurological disorders, and cancer. Researchers can easily manipulate genes and observe rapid developmental changes, offering unprecedented insights into mechanisms. Their transparent bodies allow for real-time visualization of biological processes, and they’re relatively inexpensive to maintain. Zebrafish models are widely used to test drug efficacy and safety before human trials, contributing significantly to medical advancements.",google
"Zebrafish have emerged as a remarkably versatile model organism in biomedical research due to their genetic similarity to humans, particularly in aspects of development and physiology. Their relatively short lifespan (typically 6-8 weeks) allows for rapid and precise manipulation of genetic pathways. Zebrafish embryos exhibit human-like organs and developmental processes, offering unparalleled insight into disease mechanisms. Researchers utilize them to study a wide range of conditions, including cardiovascular disease, cancer, and neurological disorders, through targeted gene editing and observation of cellular responses. Their transparency facilitates detailed visualization of biological processes, significantly accelerating research progress.",google
"Enzyme catalysis is a remarkably efficient process where enzymes accelerate chemical reactions by lowering the activation energy. This occurs through a specific interaction: the enzyme binds to a substrate, a molecule the enzyme acts upon. The enzyme’s active site, a defined region, facilitates the binding of the substrate. Once bound, the enzyme’s catalytic mechanism dramatically speeds up the reaction, often through stabilizing transition states. Essentially, the enzyme acts as a “molecular catalyst,” lowering the energy needed to initiate the reaction and dramatically increasing its rate.",google
"Alzheimer’s disease, a progressive neurodegenerative disorder, currently lacks a cure, but treatment focuses on slowing progression and managing symptoms. Current therapies primarily center around managing the disease’s effects rather than reversing damage. Cholinesterase inhibitors, like donepezil and rivastigmine, are the cornerstone of treatment. These drugs increase levels of acetylcholine, a neurotransmitter crucial for memory and cognitive function, helping to alleviate some of the symptoms like memory loss and confusion. Research also explores other approaches like amyloid-beta targeting and tau protein reduction, but these are still under investigation.",google
"Okay, here’s a brief scientific overview of rivastigmine’s role in Alzheimer’s disease, approximately 100 words: Rivastigmine is a cholinesterase inhibitor used in Alzheimer’s disease treatment. It works by increasing levels of acetylcholine, a neurotransmitter crucial for memory and cognition, in the brain. Research suggests rivastigmine helps to slow cognitive decline in mild to moderate Alzheimer’s by improving communication between nerve cells. Its effectiveness is linked to its ability to enhance cognitive function, particularly in areas affected by amyloid plaques and tau tangles. While not a cure, rivastigmine offers symptomatic relief and may benefit some patients by supporting neuroprotective mechanisms.",google
"Type I and Type II errors represent fundamental challenges in hypothesis testing. A Type I error, also known as a Type I error, occurs when we incorrectly reject the null hypothesis – failing to conclude there’s a significant effect. Essentially, we conclude there’s a difference when there isn’t. Conversely, a Type II error, or Type II error, occurs when we fail to reject the null hypothesis – concluding there’s no effect when one exists. These errors are often linked to the sample size; smaller samples increase the risk of a Type II error. Researchers strive for a balance between minimizing both types of errors based on the specific research question and its consequences.",google
"Per- and polyfluoroalkyl substances (PFAS), often dubbed “forever chemicals,” are a group of persistent synthetic compounds used in countless products – from non-stick cookware to firefighting foam. Their unique fluorine-based structure makes them incredibly stable, meaning they don’t break down easily. This stability leads to widespread environmental persistence, accumulating in soil, water, and even the human body. PFAS exposure is linked to potential health concerns, including immune system disruption and certain cancers, raising serious questions about their long-term impact on public health. Ongoing research is crucial to understanding and mitigating this growing threat.",google
"Supermassive black holes (SMBHs) reside at the heart of most galaxies, including our own Milky Way. These behemoths are regions of immense gravity, typically millions or billions of times the mass of the Sun, compressed into a surprisingly small space. They form through the accretion of vast amounts of matter – gas, dust, and even stars – over billions of years. As matter spirals inwards, it forms a swirling disk around the black hole, generating intense radiation and powerful jets that beam outwards. Their immense gravity dictates the overall structure and evolution of the galaxy they inhabit, profoundly impacting the galaxy’s shape and dynamics.",google
"As the Sun evolves into a red giant, the Solar System undergoes a dramatic transformation. The star will expand dramatically, engulfing Mercury and Venus, and potentially impacting Earth. The core will contract, leading to a cooler, redder surface and a significantly longer lifespan – potentially trillions of years. Planets will be flung outwards into the expanding gas and dust cloud, forming a planetary nebula. Asteroid orbits will shift dramatically, and the gravitational influence of the giant star will reshape the orbits of other objects. Ultimately, the Solar System will become a cold, desolate remnant, a shimmering nebula.",google
"Okay, here's a brief scientific overview of abiogenesis, aiming for approximately 100 words: Abiogenesis, the origin of life, describes the process by which self-replicating molecules emerged from non-living matter. Scientists believe it likely began with simple organic molecules forming spontaneously in early Earth’s oceans, driven by UV radiation and hydrothermal vents. Key theories involve RNA self-assembly and the gradual evolution of self-replicating systems. While the precise pathway remains debated, the discovery of these foundational molecules dramatically shifted our understanding of life’s beginnings, highlighting the potential for life to arise from chemical precursors through gradual complexity.",google
"Michaelis-Menten kinetics describes how enzymes speed up or slow down reactions by binding substrates. It’s a series of steps involving enzyme-substrate complex formation, transition state stabilization, and product release. The rate of this process is plotted against substrate concentration – a sigmoidal curve. The KM constant is a crucial parameter. It represents the equilibrium dissociation constant, essentially the substrate concentration at which the reaction rate is half of its maximum rate. A higher KM means the enzyme requires a higher substrate concentration to reach half of its maximum catalytic rate – indicating a slower reaction.",google
"Per- and polyfluoroalkyl substances (PFAS), commonly known as “forever chemicals,” are a group of synthetic chemicals possessing incredibly stable carbon-fluorine bonds, making them exceptionally persistent in the environment and within the human body. These chemicals, including PFAS like PFOA and PFOS, were initially designed for non-stick coatings and firefighting foams. However, they’ve been released into the environment through industrial processes, wastewater treatment, and leaching from products like textiles and food packaging. Consequently, PFAS accumulate, raising significant health concerns linked to potential impacts on immune systems, hormone disruption, and increased cancer risk – making them a persistent and potentially dangerous threat.",google
"Polyphenols are a diverse group of naturally occurring compounds found in plants, fruits, vegetables, and beverages, primarily exhibiting potent antioxidant properties. They’re synthesized from plant cell walls and possess unique chemical structures like flavonoids and tannins. Key concepts include their ability to scavenge free radicals – unstable molecules that damage cells – thereby mitigating oxidative stress. Significant benefits include reducing inflammation, protecting against chronic diseases like heart disease and cancer, and supporting healthy aging. Research suggests varying polyphenol profiles contribute differently to these benefits, highlighting a vast potential for health applications.",google
"Lung cancer, a leading cause of cancer death worldwide, arises primarily from chronic exposure to carcinogens like tobacco smoke, asbestos, radon, and air pollution. Genetic predisposition plays a significant role, with individuals inheriting specific gene mutations increases risk. Environmental factors, such as occupational exposures in industries like mining or aviation, and exposure to UV radiation from sunlight, also contribute. Lifestyle choices, including smoking remains a major risk factor, significantly elevate the likelihood of developing this complex disease. Biomarkers like smoking history and lung function tests are crucial for early detection and management.",google
"Plate tectonics is the theory explaining Earth’s dynamic structure, fundamentally describing the Earth’s lithosphere – the rigid outer shell comprising the crust and uppermost mantle – as fragmented into rigid plates. These plates are constantly moving due to convection currents within the mantle, driven by heat from the core. This movement, driven by the crust’s friction against the denser mantle, results in various geological phenomena, including earthquakes, volcanic activity, and mountain building. The interaction of these plates creates various tectonic boundaries, shaping continents and ocean basins over millions of years, and continues to reshape the planet’s surface.",google
"Jean-Baptiste Lamarck proposed the theory of evolution, initially focusing on inheritance of acquired traits, rather than gradual changes driven by natural selection. He argued that organisms could pass on characteristics acquired during their lifetime – like a giraffe stretching its neck – to their offspring. Lamarck believed that these acquired traits, through successive generations, could lead to modified characteristics within a species. While his ideas were influential, modern genetics has demonstrated that acquired traits are primarily influenced by environmental factors, not direct inheritance of memories or behaviors, and evolution occurs through random genetic mutations and adaptation.",google
"As the Sun evolves into a red giant, its luminosity will dramatically increase, engulfing Mercury and Venus, potentially vaporizing the Earth. The core will expand exponentially, engulfing the outer planets, including Mars, and significantly altering the solar system’s structure. Planetary orbits will shift, with Earth likely being flung into a vastly different orbital path. The increased heat will also drastically accelerate geological activity, potentially reshaping the surface of the inner planets. While the Sun’s lifespan will increase dramatically, the overall impact on the solar system’s long-term stability remains a complex and ongoing process influenced by the gravitational forces of the growing red giant.",google
"Emergent properties are characteristics of a system that arise from the interactions of its individual components, but cannot be predicted solely by examining those components in isolation. Complex biological systems, like the nervous system or the immune system, exemplify this phenomenon. For instance, consciousness isn’t a property of individual neurons but emerges from their complex network interactions and feedback loops. Similarly, a flock of birds exhibits coordinated movement without a central leader – the emergent behavior is a result of the collective dynamics. These properties highlight that the whole is often greater than the sum of its parts, demonstrating how simple interactions can give rise to unexpected and sophisticated behaviors within a biological system.",google
"Anthocyanins are a diverse group of flavonoid pigments produced by plants, primarily within their fruits, vegetables, and flowers. These pigments are responsible for vibrant red, purple, and blue hues, and are crucial for plant defense against herbivores and UV radiation. Scientifically, anthocyanins possess potent antioxidant and anti-inflammatory properties, protecting plant cells from damage. Emerging research suggests they may also contribute to improved cardiovascular health, boost immune function, and potentially mitigate age-related macular degeneration in humans. Further investigation is ongoing to fully elucidate their diverse biological roles and therapeutic potential.",google
"Okay, here’s a brief scientific overview of Michaelis-Menten kinetics and the KM constant, approximately 100 words: Michaelis-Menten kinetics describes how enzyme activity changes with substrate concentration. It’s a plot of reaction rate versus substrate, revealing a characteristic ‘plateau’ where the reaction rate doesn’t change much further with more substrate. The KM constant (Michaelis constant) quantifies the substrate concentration at which half of the enzyme’s maximum reaction rate is achieved. A higher KM indicates a slower reaction rate – often due to specific enzyme structure or the presence of inhibitors. Understanding these kinetics is crucial for enzyme assays, drug development, and understanding biological processes like metabolism.",google
"Ionic bonds are formed through electrostatic attraction – a powerful force arising from the difference in electrical charge between atoms. Specifically, one atom, typically a metal, loses electrons, creating a positively charged ion (cation). Another atom, usually a nonmetal, gains electrons, creating a negatively charged ion (anion). These oppositely charged ions are then strongly attracted to each other through Coulomb’s law, resulting in a stable, crystalline structure. This attraction is fundamental to many minerals and salts, creating materials like salt, graphite, and even the structure of rocks. It’s a key force driving many chemical reactions.",google
"Abiogenesis, the process by which life arose from non-living matter, is a complex and still actively researched field. It posits that life didn't spontaneously appear, but rather emerged through a gradual sequence of chemical reactions. Scientists believe the earliest stages likely involved simple organic molecules like amino acids and nucleotides forming within hydrothermal vents or shallow pools on early Earth. These molecules then combined through self-assembly, driven by energy from lightning or UV radiation, ultimately leading to the formation of cellular precursors. While the precise pathway remains elusive, research focuses on identifying key chemical transformations and exploring potential environments where these early steps could have occurred.",google
"Okay, here’s a brief scientific overview of the origin of the genetic code and RNA world hypothesis, approximately 100 words: The genetic code, the system by which DNA and RNA translate genetic information, originated from a prebiotic environment billions of years ago. Early Earth likely possessed simple RNA molecules capable of self-replication. These RNA strands, through mutation and natural selection, gradually evolved into more complex structures, eventually leading to the genetic code – a set of codons that specify amino acids. The RNA world hypothesis proposes that RNA, not DNA, was the primary genetic material due to its ability to store information and catalyze reactions. This hypothesis suggests that life emerged from self-replicating RNA systems, fostering the evolution of complex cellular processes.",google
"Angiosperms, or flowering plants, represent a remarkably recent evolutionary radiation, emerging approximately 300 million years ago during the Cretaceous period. Their origin is linked to a pivotal shift in pollen dispersal facilitated by the evolution of specialized ovules and stigmas, enabling wind and animal pollination. Through a process of rapid diversification, angiosperms rapidly expanded across terrestrial ecosystems, establishing a vast array of diverse plant groups including fruits, vegetables, and many essential crops. Genetic and morphological evidence suggests a complex evolutionary pathway, driven by adaptations for efficient pollination and reproduction, ultimately leading to the dominance of flowering plants today and shaping global biodiversity.”",google
"Okay, here’s a brief scientific overview of Type I and Type II errors in hypothesis testing, approximately 100 words: Type I and Type II errors represent potential flaws in our statistical assessments. Type I errors, often called false positives, occur when we conclude there’s a significant effect when there isn't, leading to accepting a false positive. Type II errors, conversely, are false negatives, meaning we fail to detect a real effect, resulting in a false negative. The critical significance lies in minimizing both – a small error rate is generally considered acceptable, but a high error rate can severely impact scientific conclusions. Statistical tests aim to balance these risks through careful design and analysis.",google
"Darwin’s theory of natural selection, published in On the Origin of Species, revolutionized biology. It proposes that populations of organisms exhibit variation, and individuals with traits better suited to their environment are more likely to survive and reproduce. This differential survival and reproduction leads to gradual changes in the population over time – natural selection. Key concepts include inheritance (passed traits), differential reproductive success, and adaptation. Darwin’s work demonstrated that evolution isn’t a linear progression but a branching tree shaped by environmental pressures, ultimately explaining the diversity of life we observe today.",google
"Jean-Baptiste Lamarck proposed that organisms can evolve through the inheritance of acquired characteristics – traits they develop during their lifetime. He believed that during evolution, individuals possessing beneficial traits would pass them on to their offspring, leading to gradual changes in the species over time. Lamarck’s original theory, largely discredited, suggested that features like a giraffe’s elongated neck were acquired through use and were then transmitted down the line. While subsequent discoveries in genetics have refuted this, the concept of heritable acquired traits – like a hardened beak developing in a bird – remains a foundational idea in evolutionary thought.",google
"Steady-state conditions describe a fundamental aspect of biochemical reactions where the rate of product formation equals the rate of product consumption. This equilibrium is achieved when the concentration of reactants remains relatively constant over time, minimizing changes in the system. Key concepts include the Gibbs free energy, which dictates the stability of reactants and products, and the Henderson-Hasselbalch equation which governs pH changes influencing reaction rates. Maintaining steady-state is crucial for biological processes like enzyme catalysis, as it allows for predictable and controlled reactions, ensuring the organism’s overall function is maintained.",google
"Angiosperms, or flowering plants, evolved approximately 300 million years ago, a pivotal shift in plant evolution. Their origin is linked to a radical change in pollination strategies, favoring animals that dispersed pollen, leading to the development of fruits and seeds. Early angiosperms, primarily within lineages like Magnolia and Ephedra, were likely adapted to thrive in environments with abundant insect pollinators. Over time, through sexual reproduction and natural selection, angiosperms diversified into a vast array of forms, fundamentally altering terrestrial ecosystems and establishing the basis for the majority of plant life we see today.",google
"Zebrafish have become a remarkably valuable model organism in biomedical research due to their genetic tractability and physiological similarities to humans. They possess fluorescent organs allowing for real-time imaging of cellular processes like gene expression, drug responses, and developmental biology. Key concepts like eWBC (endothelial cell-specific wingless-related transcription factor) and blood vessel development are crucial for studying vascular diseases. Their short lifespan and ease of genetic manipulation allow researchers to rapidly test hypotheses and observe developmental pathways, significantly accelerating drug discovery and understanding disease mechanisms.",google
"Giant pandas exhibit remarkable epigenetic adaptation to their bamboo-centric diet, a crucial evolutionary strategy. Epigenetics refers to changes in gene expression without altering the underlying DNA sequence. Pandas have developed a “brown” epigenetic landscape, particularly in their germline, that prioritizes genes involved in bamboo metabolism – including those controlling starch storage and fiber digestion. This adaptation allows pandas to efficiently utilize bamboo’s complex carbohydrates, minimizing energy expenditure and maximizing growth. Furthermore, epigenetic modifications may influence the expression of genes related to detoxification and nutrient processing, contributing to their exceptional resilience and longevity within bamboo-dominated environments.",google
"Quantum entanglement is a bizarre phenomenon where two or more particles become linked in such a way that they share the same fate, no matter how far apart they are. Measuring the state of one instantly influences the state of the other, defying classical physics. Key concepts include quantum superposition – particles exist in multiple states simultaneously – and the “spooky action at a distance” predicted by Einstein, who found it unsettling. This correlated behavior has profound implications for quantum computing and cryptography, offering potential for secure communication and incredibly powerful computation.",google
"Anticyclones are persistent, low-pressure systems characterized by rising air, creating a stable, predictable weather pattern. They form due to a significant pressure gradient, often linked to converging winds. High-pressure systems are crucial for weather stability, as they suppress cloud formation and rainfall. Their formation and influence are driven by the Coriolis effect, causing air to spiral inwards. They significantly impact temperature, humidity, and wind patterns across vast areas, acting as a cornerstone of daily weather.",google
"Schrödinger's cat is a thought experiment designed to illustrate the bizarre implications of quantum superposition. It imagines a cat in a sealed box with a device that has a 50% chance of releasing a deadly particle – effectively, killing the cat. According to quantum mechanics, before observation, the cat exists in a superposition of both alive and dead states simultaneously. This highlights that quantum particles can be in multiple states concurrently. Schrödinger used it to argue that the act of observation collapses this superposition, forcing the cat into a definite state. It’s a pivotal illustration of the fundamental challenge of applying quantum principles to macroscopic objects and raises questions about the role of observation in defining reality.",google
"Black holes form from the catastrophic collapse of massive stars at the end of their lives. When a star significantly larger than our Sun exhausts its nuclear fuel, it experiences a supernova explosion. The core of the star collapses under its own gravity, compressing itself into an incredibly dense point known as a singularity. This collapse triggers a runaway process where spacetime itself is warped, creating a region of spacetime from which nothing, not even light, can escape – a black hole. The mass of the collapsing core dictates the black hole's size and gravitational pull, ultimately resulting in the formation of these fascinating cosmic structures.",google
"Polyphenols are a diverse group of naturally occurring compounds found in plants, fruits, vegetables, and beverages. They’re characterized by their structural complexity – often containing hundreds of different chemical groups – and are key to their potent antioxidant properties. These compounds neutralize free radicals, unstable molecules that damage cells and contribute to aging and disease. Polyphenols, like flavonoids and tannins, scavenge these radicals, protecting cells from oxidative stress. This protective effect is linked to reduced inflammation, improved cardiovascular health, and potential cancer prevention.",google
"Schrödinger’s cat is a thought experiment devised by Erwin Schrödinger to illustrate the bizarre implications of applying quantum mechanics to everyday objects. It imagines a cat sealed in a box with a device that has a 50% chance of releasing a poison. Until the box is opened, the cat is, according to quantum mechanics, in a superposition – simultaneously existing in both states of “alive” and “dead.” This isn’t about the cat being literally alive or dead, but rather a fundamental principle that quantum systems can exist in multiple states concurrently until observed. The experiment highlights the challenge of reconciling the probabilistic nature of the quantum world with our classical understanding of reality.”",google
"Plate tectonics is the theory explaining Earth's dynamic surface – a layered crust and mantle broken into plates. These plates are constantly moving due to convection currents within the mantle, driven by heat from the core. These movements, driven by forces like convection and divergence, create various geological features like mountains, volcanoes, and earthquakes. The movement isn't just slow; it’s incredibly active, reshaping continents, creating new ocean basins, and fueling volcanic activity. Understanding plate tectonics is crucial for understanding Earth’s history and predicting future hazards like earthquakes and volcanic eruptions.",google
"Diamond formation within Earth’s mantle is a remarkably slow process driven by extreme pressure and temperature. Approximately 4.5 billion years ago, mantle rocks, primarily serpentinized basalt, were subjected to immense pressures – typically exceeding 4 kilobars – and temperatures reaching 1,000°C. This extreme environment facilitates the unconventional crystallization of carbon atoms, forcing them into a highly ordered, three-dimensional lattice structure. While graphite is the most common mineral in the mantle, diamond formation is believed to be a rare and significant event, contributing to the Earth’s unique geological history and the formation of the planet’s most valuable and resilient material.",google
"Ionic bonds, the foundation of many minerals and salts, are formed through electrostatic attraction between oppositely charged ions. This attraction arises from the difference in electronegativity between atoms, causing one atom to strongly attract the electrons of another. When atoms with significantly differing charges come into contact, a strong electrostatic force develops, creating a stable bond. This process typically involves a metal or nonmetal atom, resulting in crystalline structures and often leading to high melting points. The strength of an ionic bond is directly related to the magnitude of the charges and the distance between them, contributing to the stability of many naturally occurring materials.",google
"X-ray diffraction (XRD) is a technique that analyzes the scattering of X-rays by a crystalline material. It relies on the periodic arrangement of atoms within a crystal lattice, creating unique diffraction patterns. By comparing these patterns to known data, scientists can determine the crystal structure – the arrangement of atoms and their distances – of the material. Crystal structure analysis is crucial for understanding material properties like strength, melting point, and behavior. It’s fundamental to developing new materials, analyzing biological structures, and advancing scientific research across diverse fields like chemistry and physics.",google
"Darwin’s theory of natural selection, developed over several decades, posits that life on Earth evolves through a process of differential survival and reproduction. It begins with variations within a population – individuals possessing slightly different traits – due to random genetic mutations. These variations provide an advantage in a particular environment. Individuals with advantageous traits are more likely to survive, reproduce, and pass those traits onto their offspring. Over time, this leads to a shift in the population’s characteristics, favoring increasingly advantageous traits, ultimately resulting in the diversification of species.",google
"Codon usage bias refers to the tendency of cells to preferentially utilize certain DNA codons (three-base sequences) for protein synthesis compared to others. This isn’t a conscious choice by the cell, but rather a result of evolutionary pressures. Different organisms and even different cell types exhibit varying preferences, often favoring specific codons for specific amino acids. This bias is driven by the fact that certain codons are more efficiently translated into specific protein sequences, increasing protein production. It’s a significant factor in understanding variation across species and can influence phenotypic traits.",google
"Codon usage bias, a fascinating phenomenon in genetics, refers to the tendency of cells to preferentially utilize certain codons (sequences of nucleotides) for encoding amino acids compared to others. This isn’t random; it’s driven by evolutionary pressures favoring specific amino acid combinations for protein function. Key Concepts: Codons are the reading frames for mRNA, and different organisms have slightly varying preferences. This bias is influenced by factors like protein stability and the availability of specific amino acids. It’s significant because it explains evolutionary variation in protein sequences and contributes to differences in traits between species, impacting evolutionary trajectories and adaptation.",google
"Ionic bonds are formed through the electrostatic attraction between oppositely charged ions, typically formed by the transfer of electrons. This process, driven by a difference in electronegativity, creates a stable, crystalline structure. Key concepts include: ion formation, hydration stability (ions want to be separated), and crystal lattice formation. These forces are significantly stronger than covalent bonds, resulting in high melting points and conductivity. They’re fundamental to many minerals, salts, and biological structures, explaining their stability and diverse properties.",google
"Photosynthesis is the process by which plants, algae, and some bacteria convert light energy into chemical energy in the form of sugars. Utilizing chlorophyll and other pigments, these organisms absorb sunlight and utilize it to synthesize glucose, fueling their growth. This process occurs primarily within chloroplasts, and it releases oxygen as a byproduct – a critical outcome. Over billions of years, this process dramatically altered Earth’s atmosphere, leading to the Great Oxygenation Event, where atmospheric oxygen levels increased significantly, fundamentally transforming the planet’s biosphere and paving the way for aerobic life.",google
"The RNA world proposes that RNA, rather than DNA, was the primary genetic material and catalyst for life during the early Earth. Driven by the discovery of ribozymes – RNA molecules capable of self-replication – scientists theorize that RNA spontaneously emerged billions of years ago. Early self-replicating molecules likely utilized RNA to encode genetic information and catalyze biochemical reactions. While DNA eventually took over as the primary genetic material, RNA’s versatility made it a crucial stepping stone, potentially facilitating the evolution of complex cellular processes.",google
"Per- and polyfluoroalkyl substances (PFAS), including PFAS, represent a growing concern due to their widespread environmental persistence. These compounds, used in everything from non-stick cookware to firefighting foam, resist breakdown in the environment, accumulating in water, soil, and even living organisms. Their unique properties – resistance to degradation – lead to long-term contamination and potential health effects like immune system disruption and cancer. The “forever chemicals” label highlights their challenge in remediation due to their incredibly slow breakdown rates, posing a significant threat to ecosystems and human health.",google
"Anticyclones are persistent, low-pressure systems characterized by a strong, rising flow of air. They form when air is forced upwards against a surface, creating a stable, circular pattern of high-pressure. These systems are crucial for weather patterns, as they often lead to clear skies and stable atmospheric conditions. High-pressure systems are essentially a manifestation of anticyclones. They represent a state of equilibrium, where air resists vertical movement. They significantly influence temperature and humidity, contributing to predictable weather patterns like fair weather and thunderstorms. Understanding their formation and behavior is vital for forecasting.",google
"Schrödinger’s cat is a thought experiment designed to illustrate the bizarre implications of quantum mechanics when applied to everyday objects. Imagine a cat sealed in a box with a device that has a 50% chance of releasing a lethal dose of radiation. According to quantum mechanics, before observation, the cat exists in a state of “superposition,” meaning it’s simultaneously both alive and dead. This isn’t about the cat being in a blurry state; it’s a fundamental principle that suggests quantum systems can exist in multiple states until measured. Schrödinger used the thought experiment to highlight how our classical understanding of reality clashes with the probabilistic nature of the quantum world.",google
"Codon usage bias refers to the tendency of organisms to preferentially utilize certain codons (sequences of nucleotides) during gene expression compared to others. This isn't a conscious choice by the organism, but rather a result of evolutionary pressures favoring specific amino acid sequences within proteins. Plants, for example, exhibit a strong bias towards the ""methionine"" codon, while animals often utilize a wider range. This bias arises from the selective advantage conferred by specific amino acids in the resulting protein’s function. Understanding codon usage bias is crucial for interpreting genetic variations and predicting protein function across diverse species and evolutionary contexts.",google
